GEOID,FInStrength,Econ_Inequ,Educ_Attain,Mean_Age,Mean_Risk,CAN_per10000,distance2FB,dist2SNAPretail,evic_rate1000
3.5001E+11,89.18178512,109.4929852,106.3009591,5.489796,2.938776,849.220104,3890.417345,653.0165697,16.48884578
3.5001E+11,100.6807656,97.77641371,96.58865186,5.25,2.5,223.4636872,858.530473,703.7771213,1.754385965
3.5001E+11,105.7906517,85.06123096,120.908134,5.214286,3.357143,501.7921147,2649.349296,808.5570312,19.84126984
3.5001E+11,96.94716334,98.33208606,114.2418542,6.588235,2.647059,1005.91716,2055.24338,369.938859,12.65822785
3.5001E+11,101.1666146,101.1354303,103.4774456,5.0625,2.8125,462.4277457,740.254441,379.3388018,13.64200083
3.5001E+11,103.8989564,97.31429195,111.4687723,6.875,3.5,490.797546,879.344362,482.5493329,9.046052632
3.5001E+11,69.12440259,156.3491386,108.3083175,5.768293,2.853659,2636.655949,562.727868,345.5249015,101.6731017
3.5001E+11,92.16361298,109.2398326,94.97405732,4.678571,3.25,1717.791411,352.90688,429.3998073,22.58251303
3.5001E+11,85.5178694,146.9804056,108.128885,6.232143,3.035714,1530.054645,896.958914,472.6246195,21.4987715
3.5001E+11,82.88025301,121.1212737,67.53406368,4.2,3,127.8772379,729.77005,431.0949763,8.253968254
3.5001E+11,82.96169515,126.8919265,89.89284247,6.333333,2.444444,814.479638,714.902619,436.1525082,9.852216749
3.5001E+11,85.59291247,97.17733561,90.89133437,8,3.32,1101.321586,1076.306176,516.4066889,2.898550725
3.5001E+11,105.5767127,122.4882622,84.57439662,7.666667,2.766667,641.025641,1351.812792,557.9268037,3.492433062
3.5001E+11,153.7127978,70.79209048,120.9486159,3,2,50.50505051,4783.850513,630.8216733,0.850340136
3.5001E+11,113.2558792,107.2062884,118.4119469,6.666667,3.166667,191.6932907,4820.137009,633.9470767,11.28158845
3.5001E+11,173.7793901,73.01247048,120.8014041,0,0,0,5627.261142,692.1561131,0.392003136
3.5001E+11,102.3627622,92.17071504,100.7630688,8.238095,3.47619,428.5714286,2011.99979,784.754901,0.868055556
3.5001E+11,95.23287804,99.47790107,72.15605772,6.851064,3.170213,340.5797101,623.783494,243.1219037,1.663893511
3.5001E+11,114.1211554,101.0381036,117.8118776,6.133333,3,1209.677419,728.637511,703.9949916,12.00686106
3.5001E+11,124.5833108,115.8922111,103.5262916,7.666667,2.666667,1470.588235,488.950548,728.5523405,5.154639175
3.5001E+11,86.42073119,117.2011893,74.2910372,5.096774,3.016393,1255.060729,2295.147668,719.728279,7.551919446
3.5001E+11,101.5604158,97.56423331,103.2054439,7.263158,2.868421,315.3526971,1771.459487,407.7903507,2.155172414
3.5001E+11,119.1763406,79.33212373,118.0527478,5.714286,2.285714,106.0606061,5957.971745,767.5959122,1.163692785
3.5001E+11,173.197963,111.8241139,118.488946,3,3.333333,392.1568627,4631.653003,749.866993,104.4546851
3.5001E+11,109.1565075,79.40276908,112.0173245,7.384615,2.461538,134.9948079,1430.487352,595.5915084,1.598721023
3.5001E+11,138.8434188,82.65226368,114.7851632,6.75,3.25,98.7654321,6008.030022,555.8720353,3.8585209
3.5001E+11,93.04712428,96.48693304,102.3362372,9.083333,2.75,489.7959184,1590.214827,407.2966433,101.7770598
3.5001E+11,94.62835211,104.6695893,96.77779073,7.131579,2.648649,307.1948262,1832.384321,765.1984306,1.210653753
3.5001E+11,111.203802,86.06183604,106.4837862,8.521739,2.5,734.8242812,1676.246358,535.2205756,0.489955904
3.50019E+11,144.6012489,67.61901791,121.7384721,7.833333,2.5,204.0816327,5137.388696,518.2166399,1.273344652
3.5001E+11,138.7836329,70.6577221,120.7729085,5.8,2.933333,322.5806452,20079.38637,631.911613,0.681431005
3.5001E+11,108.6563716,74.08239019,117.8600006,0.333333,3.666667,857.1428571,19133.19221,514.7351573,1.782531194
3.5001E+11,106.4792622,94.77365511,109.0397944,8.375,2.666667,277.4566474,1565.24805,421.3679018,1.611603546
3.5001E+11,120.1676393,80.95836494,121.1831552,5.666667,2.333333,99.55752212,6297.80944,1421.15697,0.416146484
3.5001E+11,123.4035751,69.33552933,122.061284,8,2.333333,285.7142857,2432.885708,689.1626287,0
3.5001E+11,83.09883075,123.2597343,93.46971361,5.137255,3.411765,873.2876712,579.152993,390.6745194,34.43396226
3.5001E+11,95.38454596,96.93426428,88.34740905,6.086957,2.782609,286.0696517,2785.349194,733.9418367,1.303356142
3.50019E+11,79.01056959,107.5010619,106.6616297,12,4,13.21003963,11429.96601,682.0585717,0
3.50019E+11,130.8552235,80.07391445,98.18484001,8.307692,3.179487,265.3061224,6697.348527,422.8045129,2.386634845
3.5001E+11,98.04879552,96.02923153,100.8412622,6.44,2.8,177.1793055,1394.848765,818.3580236,1.623376623
3.5001E+11,112.4246735,90.86965886,119.1164453,9.428571,2.714286,178.7994891,7008.312295,627.4877673,2.78551532
3.5001E+11,189.6498808,70.27323082,119.6499145,10,3,126.5822785,4520.965253,731.0042859,0
3.5001E+11,91.87409983,91.62241385,77.10905344,6.384615,2.666667,407.523511,701.59748,572.9825604,0
3.5001E+11,164.7360924,74.03663705,118.5117162,8.5,2.5,36.16636528,2805.023456,476.1999064,2.145265093
3.5001E+11,72.32158623,135.5318845,83.61041708,6.25,2.625,333.3333333,926.149314,567.9227371,30.03337041
3.5001E+11,86.41490366,137.0526242,103.0366933,5.916667,2.520833,794.7019868,1947.270422,543.7556787,19.75051975
3.5001E+11,92.82011337,96.91441859,93.58079037,6.214286,2.785714,405.7971014,1138.905522,731.0382837,2.169197397
3.5001E+11,111.7430418,79.69446357,101.0579157,10.571429,3.142857,437.5,2785.756717,442.095873,1.771479185
3.5001E+11,113.2337699,106.7929178,112.4946161,5.555556,2.777778,535.7142857,4428.421356,685.878805,9.736540664
3.5001E+11,126.0440975,88.05890351,95.13639647,2,3.5,73.80073801,4279.230786,550.5741992,1.037344398
3.5001E+11,80.48496491,104.1258615,86.21681998,7.363636,2.363636,283.5051546,678.398386,522.6287456,1.225490196
3.5001E+11,82.57992998,103.9019561,68.97743025,6.304348,2.391304,204.4444444,779.375767,556.4528523,0.349283968
3.5001E+11,86.39136609,83.97636786,97.10128078,7.47619,2.904762,566.0377358,821.928508,632.0212445,2.012072435
3.5001E+11,123.7686645,68.96782425,117.778825,8.2,2.65,175.1313485,1648.224486,646.9122133,0.805369128
3.5001E+11,96.80046102,108.2961592,101.2619885,7.259259,2.518519,536.7793241,2047.948057,317.5041199,32.67973856
3.5001E+11,122.3538804,67.81399463,113.6737244,9.875,3.625,209.4240838,635.212475,1154.108218,2.707581227
3.5001E+11,141.8917056,81.59771612,122.061284,0,0,0,4445.468722,451.1864407,0
3.5001E+11,117.9282378,122.5832762,111.8642256,4.25,2.75,327.8688525,4343.621079,681.6716892,22.94348069
3.5001E+11,156.8173841,70.4665104,119.4597188,0,0,0,0,529.8480678,0
3.5001E+11,130.1647658,78.1252105,116.857711,13,2,63.29113924,2205.675903,622.6338459,0
3.5001E+11,121.1293878,80.52175421,110.9347514,6.526316,3.157895,175.2767528,4748.033609,754.7560454,4.8863914
3.5001E+11,145.5957624,69.12709552,120.7877343,5.833333,2.833333,81.52173913,5275.084228,1241.129755,0.804505229
3.5001E+11,89.04860299,107.430854,89.74549498,7.954545,2.840909,346.4566929,597.535427,230.0969982,2.747252747
3.5001E+11,80.15792783,95.33414309,75.53672047,7.171429,2.714286,560,529.103491,270.8816872,12.49349297
3.5001E+11,101.7329905,99.51595297,116.6684414,7.545455,2.909091,691.8238994,1317.499041,672.5723039,1.593625498
3.5001E+11,94.59901836,103.4051356,91.49014882,6.973684,2.789474,273.381295,1636.562598,621.1954577,7.39230181
3.5001E+11,105.1108925,90.75060811,109.3037662,5.764706,2.352941,422.8855721,1017.665547,574.2063918,1.242236025
3.5001E+11,81.75790787,113.2252376,76.08982084,5.44,2.48,289.017341,1215.848036,429.3392241,6.548175865
3.5001E+11,118.6641712,85.18449315,115.9357677,5.708333,3.173913,170.4545455,3718.779825,529.5191234,1.110083256
3.50019E+11,123.6320011,88.97623692,114.0908099,0,0,0,0,496.1352019,1.402524544
3.5001E+11,117.126757,86.59151758,115.1476188,2.888889,2.777778,361.4457831,973.309668,583.5878452,8.724100327
3.5001E+11,100.0783244,88.32887578,77.74425679,5.904762,2.666667,210.8433735,1493.553081,525.7771397,1.715854496
3.5001E+11,96.22491703,81.59684667,91.05694588,3.842105,2.368421,332.1678322,2914.006705,550.6465952,2.011060835
3.5001E+11,105.9511401,116.2390861,120.9856798,2.142857,2.571429,933.3333333,760.916422,859.3192857,8.099688474
3.5001E+11,94.90000829,104.8018976,71.94773083,5.525,3.175,226.3723826,1720.659516,508.1036267,6.268864639
3.5001E+11,101.0417371,110.1745952,112.4267807,5.611111,3,1142.857143,1259.175172,621.3922342,20.40816327
3.5001E+11,108.6824157,86.89982783,103.2191296,10,1.75,168.9189189,1827.027195,683.6210459,0
3.5001E+11,115.5944796,75.54890902,110.33653,5.5,2.5,139.8601399,6597.643632,800.8416984,3.25203252
3.5001E+11,125.0530158,75.6016758,119.1387656,7.8125,2.5625,148.0111008,6835.65375,786.541045,5.264889766
3.5001E+11,114.1396344,83.72338503,80.56150593,6.666667,3.333333,107.1428571,926.267717,875.0587749,1.410437236
3.5001E+11,162.2596836,72.84765034,118.9274956,9,2.2,65.96306069,6277.637813,660.1815666,0.422832981
3.5001E+11,125.0674859,75.30074465,115.9403512,3,2,87.71929825,3903.010277,505.4199396,0.749625187
3.5001E+11,102.6419453,90.89378446,106.9923705,7.578947,3.105263,840.7079646,2059.629218,485.1721684,5.977796755
3.5001E+11,85.39105703,102.1222071,83.97203772,7.5,2.6,164.6090535,2565.388678,586.7396438,1.722158439
3.5001E+11,107.3835127,97.73488785,105.934404,0,0,0,0,241.056531,0
3.5001E+11,105.9821951,74.09592809,109.4866069,10.272727,2.545455,260.0472813,2981.08103,434.9290475,0.378071834
3.5001E+11,103.9210385,87.5500736,116.1206885,7.972222,3.055556,221.9482121,2235.113023,31.49088386,0.962463908
3.50019E+11,116.5346887,73.88596835,110.5584781,6.181818,2.818182,131.7365269,6019.19491,654.6569744,14.90066225
3.5001E+11,116.2400347,87.45047456,114.4434074,4.625,3.3125,391.198044,4682.903111,762.7621243,6.404391583
3.5001E+11,126.0747985,74.2463044,117.0045599,7.857143,3.142857,148.7778959,5051.476139,738.7044949,0
3.5001E+11,112.5950138,80.05983327,117.7304378,5.777778,2.444444,160.4278075,6740.594241,579.1460856,1.269035533
3.5001E+11,133.859586,66.83121201,118.3177886,10.2,2.4,119.9040767,5398.678058,685.921919,0.719942405
3.5001E+11,97.79136241,95.36611295,122.061284,3,4,46.2962963,4589.084004,788.9063694,22.51791198
3.5001E+11,122.7863285,85.28183047,117.4549117,17,2,25.18891688,4127.335619,456.6600516,7.302823759
3.5001E+11,115.6659,80.12726091,110.3329351,8.5,2.928571,121.5277778,6202.034319,1120.163722,0.891530461
3.5001E+11,109.2563288,83.10953618,113.651585,7.351351,2.621622,206.8194522,6614.235149,984.4254895,1.685487949
3.5001E+11,133.1013932,72.71426613,110.1021933,0,0,0,4684.493578,765.2570222,1.071811361
3.5001E+11,120.4570283,76.76871041,121.4975042,6.75,2.75,84.56659619,2270.3016,550.8890648,2.541942044
3.5001E+11,120.6061637,86.59019503,115.0269662,9.45,2.5,142.3487544,6442.954455,379.7190318,0.719251978
3.5001E+11,119.2555548,87.90174312,122.061284,0,0,0,1412.014659,592.6742602,0
3.5001E+11,121.5462641,76.59068261,122.061284,0,2.5,108.1081081,2193.296466,560.475573,0
3.5001E+11,107.8857492,106.2822555,110.0642721,6.6,3.1,680.2721088,2843.529049,590.9175013,20.65131056
3.5001E+11,98.56660639,108.607027,109.5691085,8.384615,3.269231,790.2735562,2760.331714,724.6725307,13.25381047
3.5001E+11,101.6446761,105.6987823,105.5564756,8.166667,2.944444,414.7465438,1770.746798,415.962595,4.486819966
3.5001E+11,99.08512412,106.3222284,113.3283912,4.166667,3.166667,530.9734513,1141.722499,1497.303469,17.26121979
3.5001E+11,135.5092778,86.72594165,120.5236985,7.071429,3.428571,782.122905,3529.310224,732.1997529,35.76437588
3.5001E+11,105.6300824,89.48879357,114.3335482,5.846154,3.307692,315.5339806,1747.833873,510.2735044,16.56867985
3.5001E+11,106.2609441,85.31444211,115.8686023,8.416667,2.833333,510.6382979,2487.714947,615.7516068,9.385665529
3.5001E+11,95.99333378,95.07534417,116.6198081,4.5,3.875,280.7017544,2428.090385,590.5112174,1.792114695
3.5001E+11,122.0346075,78.58625097,117.9631129,6.666667,3.666667,221.1302211,2020.062552,506.2304276,0.605326877
3.5001E+11,115.8794479,75.46053694,118.9300561,14,3,205.1282051,1943.328905,317.4734283,0
3.5001E+11,112.4964811,86.51669102,115.325575,2.666667,3.166667,306.122449,2424.601369,351.5547915,0.796812749
3.5001E+11,132.9665503,66.67102054,122.061284,0,0,0,0,368.6406551,1.307189542
3.5001E+11,107.5520963,96.39277315,107.5798923,4.888889,2.722222,295.5665025,3319.644231,694.7754568,3.816793893
3.5001E+11,126.1134301,104.0459671,119.5276625,6.272727,3.424242,1764.705882,3673.225737,492.5590174,21.35231317
3.5001E+11,103.0283137,112.7012359,114.2479562,7.2,2.88,932.8358209,3082.629614,384.7397245,30.45431852
3.5001E+11,114.2359646,72.86448447,118.7292776,6,2,74.07407407,5795.353118,750.9938272,0.811030008
3.5001E+11,112.0126644,108.5863493,116.0289825,7.857143,2.714286,222.2222222,5801.42116,412.5185347,0
3.5001E+11,119.202228,76.01812304,113.4182086,14,3,70.67137809,5817.815428,796.9814888,0.797448166
3.5001E+11,107.8926967,83.7972284,106.1075772,5.8,2.8,543.4782609,2964.39183,411.8013955,4.975124378
3.5001E+11,87.55291427,141.8325449,105.2256242,7,2.56,1186.046512,2604.78047,1242.4786,24.47676481
3.5001E+11,94.30797448,109.8352372,115.0510573,3.631579,2.421053,1111.111111,3037.323723,331.298098,28.94635276
3.5001E+11,111.699398,92.03161469,120.7703464,4,2,42.01680672,5469.554051,802.4667541,6.41025641
3.5001E+11,132.4570495,69.34467815,111.1256351,0,0,0,5593.78347,635.532487,1.455604076
3.5001E+11,147.8988217,70.70026409,111.4198246,0,0,0,5445.796485,540.5884043,0
3.5001E+11,96.3986275,103.4655172,113.7136956,4.8125,2.625,946.7455621,1724.725414,637.8758229,6.741573034
3.5001E+11,96.95324732,105.314417,107.0460552,7.5,2.166667,312.5,1932.052346,565.8575518,4.733727811
3.5001E+11,97.12855792,116.3457905,102.9330278,5.4,3.5,1169.590643,1505.782994,725.4858351,8.818342152
3.5001E+11,102.0515522,81.25394651,116.042443,8.321429,3.071429,1255.605381,1534.091458,612.0688164,4.379562044
3.5001E+11,116.6504528,81.12200386,115.6636526,7,2,365.8536585,3245.412375,602.8116427,1.941747573
3.5001E+11,106.0525241,99.57493675,119.4340707,4.95,2.65,589.9705015,2930.463061,781.900081,22.0625962
3.5001E+11,124.0281348,75.17162443,117.2003715,8.666667,2.666667,322.5806452,2987.045056,392.7535842,22.76176024
3.5001E+11,125.4483658,80.61323447,110.6087032,3.25,3.25,201.0050251,2677.002657,611.0977476,6.729475101
3.5001E+11,80.59293367,138.2031302,105.5336967,6.9,2.9,341.2969283,1999.467928,323.7281879,14.70588235
3.5001E+11,105.7663253,99.32820911,108.3508651,6.857143,2.857143,869.5652174,2459.43145,681.5369201,2.521008403
3.5001E+11,106.3005326,81.36272204,121.2113687,2,3,153.8461538,2300.577028,497.2909361,3.992015968
3.5001E+11,111.7688109,91.83682771,120.9872561,5,3,174.4186047,2224.598509,795.2022098,2.754820937
3.5001E+11,114.8602179,79.12032356,117.5672597,9.375,2.25,1111.111111,1267.829446,416.0486428,1.893939394
3.5001E+11,101.8373761,117.2189994,118.2360539,8.666667,2.666667,526.3157895,950.096942,564.2082372,3.759398496
3.5001E+11,94.05413156,92.31957118,121.2023066,7.190476,3.095238,1390.728477,1367.301623,935.7660367,46.95431472
3.5001E+11,116.1501028,84.79736063,117.417811,12,1,37.73584906,1781.291266,850.8315255,1.122334456
3.5001E+11,114.4870161,75.96974879,119.4169666,7.25,2.5,150.9433962,1012.206846,1111.296486,9.020618557
3.5001E+11,128.1615039,84.98006829,115.3601611,8.25,3.5,91.74311927,4045.835053,538.6209228,1.582278481
3.5001E+11,101.4186892,71.83443695,108.7306845,5.666667,3,1034.482759,4139.715203,515.5572376,26.18453865
3.5001E+11,117.943577,77.1080431,113.8496708,9.8,2.6,159.2356688,3452.871929,636.3643198,1.085187195
3.5001E+11,115.2042245,94.2122206,110.2495657,7,2.5,152.6717557,3865.337928,372.5678039,5.249343832
3.5001E+11,99.50622371,113.5592026,112.911952,5.888889,2.884615,778.0979827,2782.832684,696.3316634,19.02985075
3.5001E+11,126.5534775,74.43521982,122.061284,4.25,3.5,80.48289738,3143.748932,480.5321698,1.092896175
3.5001E+11,119.3310331,91.64074315,114.6194088,5.166667,3.666667,545.4545455,4779.74378,659.3516883,2.605863192
3.5001E+11,114.1677551,78.38310577,117.0105751,7.333333,2.833333,400,5398.06786,527.0486756,3.238866397
3.5001E+11,123.8430252,78.61280183,111.9601092,0,2,37.31343284,2030.983915,561.8722888,0
3.5001E+11,101.4413911,83.35804679,108.8837531,11,4,138.8888889,942.577855,517.906746,1.644736842
3.5001E+11,103.5690368,88.86883091,115.5853657,9,2.857143,1250,918.086827,512.6396621,1.650165017
3.5001E+11,94.35416889,127.1071589,120.1233634,4.333333,2.333333,193.5483871,829.75702,625.4027843,4.085801839
3.5001E+11,103.9994254,110.9830362,119.8853998,7,2.75,1500,956.147559,611.1220113,1.85528757
3.5001E+11,103.2536725,90.4119601,113.2300831,5.583333,3,563.3802817,968.21947,1001.103701,3.676470588
3.5001E+11,93.00344979,115.8048365,94.85921117,7.533333,2.933333,1310.043668,1281.811722,541.8575594,15.59792028
3.5001E+11,111.8885941,102.875859,120.7980469,4.625,3.125,842.1052632,2449.47839,585.5758902,3.925417076
3.5001E+11,100.0447648,119.7986309,108.6818463,4.192308,3.038462,1101.694915,2037.015541,504.5973881,44.72477064
3.5001E+11,94.63710655,103.5114782,107.1096636,4.923077,2.769231,691.4893617,1895.672086,726.827612,29.9850075
3.5001E+11,94.63550098,106.6090682,108.7680124,6.130435,3.086957,1716.41791,1236.297625,800.6898554,50.31446541
3.5001E+11,93.00192966,104.7592924,118.8130741,6.166667,3.333333,1538.461538,1138.745702,955.0963449,28.79078695
3.5001E+11,95.49506668,91.9791924,104.155588,7.8125,2.6875,727.2727273,1655.638777,390.9794502,2.72479564
3.5001E+11,108.0963844,90.82851156,119.375318,8.4,3.3,285.7142857,1153.343059,774.624325,2.124645892
3.5001E+11,106.7755206,103.3922556,109.3552656,7.5,3.75,459.7701149,1099.126697,367.7177317,1.213592233
3.5001E+11,132.2364168,84.696963,121.1193761,7.8,2.6,1111.111111,1637.173004,491.453843,12.92407108
3.5001E+11,88.65625709,83.57393791,117.0923924,6.391304,2.73913,807.0175439,4468.417387,507.6886361,13.30008313
3.5001E+11,107.4014177,91.68467145,110.7616031,0,0,0,5563.692823,507.1594916,2.031144211
3.5001E+11,126.7851484,72.05398849,118.8813968,0.5,2.5,84.03361345,3967.10468,760.2642368,0
3.5001E+11,114.1230893,68.53034051,120.0639391,1,3.333333,139.5348837,4855.834776,334.5818337,0
3.5001E+11,96.87873781,107.9964581,102.5162924,5.814815,3.115385,681.8181818,3933.377573,696.7002765,10.76847773
3.5001E+11,111.6149919,98.74711989,122.061284,6.5,2.5,135.1351351,4495.693799,662.6913922,34.31763767
3.5001E+11,156.8301064,70.76611253,118.9198127,5,2,55.24861878,4469.433351,459.5437105,0
3.5001E+11,143.5677262,81.41950094,117.4496238,0,0,0,4275.638247,546.9236915,1.328021248
3.5001E+11,128.268586,80.5606713,117.5358605,16,2,50.50505051,3776.079243,521.292067,0
3.5001E+11,132.5223207,98.02648269,119.310687,0,0,0,4034.416304,514.4099057,1.588562351
3.5001E+11,141.9129114,79.63230532,122.061284,0,0,0,1546.587942,763.8774916,5.244755245
3.5001E+11,131.9144413,79.13813386,111.3201466,7,2,454.5454545,1333.533994,418.7475034,0
3.5001E+11,130.1859114,107.4380991,117.5089982,7,3.5,83.33333333,1547.518564,541.2483158,0
3.5001E+11,115.7457153,101.8016292,110.5876372,5.6,3.2,2238.80597,1100.872673,616.2406277,16.27670397
3.5001E+11,99.95365745,98.90842354,119.8201015,5.277778,3,684.4106464,1196.984168,504.4892575,11.73402868
3.5001E+11,131.6978891,70.70300136,118.6232169,0,0,0,1520.537153,569.3485345,0.875656743
3.5001E+11,124.3344999,103.2530767,110.4953513,10.333333,2.666667,86.45533141,1389.783284,726.872642,6.458557589
3.5001E+11,111.6783299,94.42607824,122.061284,13.5,2,212.7659574,1060.759777,446.9429121,16.81957187
3.5001E+11,126.185703,81.62773883,122.061284,7.5,2.5,72.20216606,1120.141903,459.1750202,1.652892562
3.5001E+11,76.47504496,174.7051828,65.31502414,4.4375,3.25,1739.130435,899.763369,555.1160257,27.64976959
3.5001E+11,100.9192145,104.4203333,110.8970497,5.133333,2.933333,681.8181818,870.073356,423.1586657,12.37432328
3.5001E+11,148.5226887,75.30895346,118.251766,8.6,4,159.2356688,3461.134819,500.1511797,0.715819613
3.5001E+11,124.1551707,102.2040481,113.1676372,4.666667,3,234.375,4324.517475,450.2073513,5.747126437
3.5001E+11,110.1323831,94.18169978,118.5891733,13,2,47.39336493,4162.308012,592.7032609,14.30842607
3.5001E+11,119.1918116,89.85780722,116.8120151,15,2.5,128.2051282,3483.555681,640.8260789,0
3.5001E+11,116.4706586,91.10381164,115.9203472,5,3.166667,387.0967742,3279.311462,508.7955711,31.99174407
3.5001E+11,134.0617109,75.55615261,122.061284,5.666667,2.333333,309.2783505,4568.672738,767.715436,0
3.5001E+11,150.1856521,64.31228217,119.5750339,11.333333,2.666667,62.63048017,5051.076072,684.2530954,0
3.5001E+11,166.7210622,68.64803426,122.061284,0,0,0,0,842.2890602,0
3.5001E+11,160.9799811,65.14468345,117.2079977,11.5,2.5,35.97122302,5511.539177,722.9575817,0.273597811
3.5001E+11,78.22443184,142.4630898,101.1821908,6.191667,2.89916,1030.042918,2111.757295,1056.311957,45.56105181
3.5001E+11,105.1401634,106.0840119,105.1957364,5.058824,2.882353,939.2265193,1250.563547,440.9299956,17.97175866
3.5001E+11,98.04373119,96.62956942,115.9057677,5.9,3.2,2000,1351.020682,504.5347258,22.55639098
3.5001E+11,90.32790199,106.4371911,112.0050868,10.636364,2.545455,924.3697479,1487.803608,697.2744744,5.167958656
3.5001E+11,83.54109086,141.5898369,77.0923276,6.277778,3.067416,1127.819549,677.436163,554.9154433,40.96100827
3.5001E+11,85.66665204,168.1119175,55.03827377,5.5,3.092308,1257.142857,701.957013,637.138004,33.89830508
3.5001E+11,83.02997505,129.9777867,66.41757965,7.441176,3.235294,1328.125,634.051989,779.4646089,30.82851638
3.5001E+11,79.65236708,138.7539168,62.74652122,5.371429,2.771429,974.9303621,442.868871,620.7429121,61.95286195
3.5001E+11,68.51515747,121.5339475,49.44661459,5.714286,3.142857,786.5168539,812.79795,539.4992036,33.51206434
3.5001E+11,96.82852414,113.1325679,106.9048089,9.125,2.75,449.4382022,1113.237908,667.5263709,4.854368932
3.5001E+11,89.63353586,104.405013,112.2603063,10.25,3,200,1277.477827,679.2232194,4.022526146
3.5001E+11,104.4066927,78.79904807,110.8454695,6.632653,2.55102,1713.286713,810.053429,421.537238,13.42673672
3.5001E+11,94.54282639,109.322005,100.4753205,5.764706,3.411765,2786.885246,1123.832727,1213.397462,6.825938567
3.5001E+11,88.96663116,113.5296701,114.4386066,5,3.466667,612.244898,1400.713605,541.6872149,3.264417845
3.5001E+11,84.95485767,104.7955128,76.89878092,4.96,2.52,902.5270758,1547.623507,502.5579151,19.53125
3.5001E+11,78.89825456,111.2288295,73.43501503,7.133333,3.133333,259.7402597,1252.59181,537.9649878,16.01758794
3.5001E+11,96.56820959,98.63930603,97.99351186,6.411765,3.032258,441.5584416,745.21954,653.574833,8.990318119
3.5001E+11,101.9516184,89.66680893,116.4600407,9,2.3,308.6419753,1167.26216,642.1263874,8.765522279
3.5001E+11,123.1124023,73.07935032,120.9802757,5,2.5,51.67958656,16275.34089,588.8073172,0.910746812
3.5001E+11,109.2504723,84.41641542,102.8955331,6,3.142857,648.1481481,23593.99584,707.0148625,0.675675676
3.5001E+11,104.4112819,93.20365391,103.6419265,5.214286,2.285714,965.5172414,3581.876962,621.022169,0
3.5001E+11,80.57439575,116.7007091,53.41181972,5.73913,2.913043,338.2352941,2981.732718,601.848974,0.833333333
3.5001E+11,100.3530935,96.26801455,88.54996918,6.052632,2.631579,1484.375,1748.377544,602.601378,7.331378299
3.5001E+11,162.1009547,63.16335147,122.061284,9.2,4,225.2252252,2456.980542,727.612676,0.807102502
3.5001E+11,145.4666717,71.603983,116.2352329,5.125,3,134.6801347,2126.320739,942.219321,0.780335544
3.5001E+11,111.3453669,83.46280084,115.1136985,9,2.619048,410.9589041,8896.192474,559.695471,4.86420754
3.5001E+11,120.9139348,115.9426647,99.97913109,12,3,37.87878788,8927.230197,579.2803508,6.354249404
3.5001E+11,93.02046252,111.9274698,104.5466999,6.898305,3.135593,1029.668412,1308.595638,471.5524502,19.20307249
3.5001E+11,101.8368541,110.7748066,108.7525162,6.95082,3.016393,1358.57461,937.937199,754.7888458,24.21524664
3.5001E+11,82.98786831,97.75478489,94.43832874,6.466667,2.893333,1461.988304,1087.17661,600.6707587,57.54088431
3.5001E+11,91.07292133,85.52696857,120.842518,8,2.521739,13529.41176,1106.850825,327.4688074,12.28070175
3.5001E+11,92.28730071,133.3850171,104.566067,7.954545,3.5,178.5714286,973.79665,614.50953,16.83899557
3.5001E+11,97.75997009,103.6843626,114.1219692,5.8,2.6,2205.882353,2019.124987,592.7465491,8.557457213
3.5001E+11,89.29194531,122.7362672,84.65012084,5.416667,2.583333,550.4587156,1799.789703,801.5293386,19.67213115
3.5001E+11,92.95673948,114.0863683,78.83030368,7.242424,2.939394,510.0463679,1650.093776,660.4867194,6.153846154
3.5001E+11,92.78314212,100.8469956,72.1122347,6.813953,2.883721,911.0169492,1224.247842,697.4405144,1.891252955
3.5001E+11,85.25168976,93.7533573,75.47768866,6.608696,3.565217,1173.469388,768.204813,720.1242444,3.571428571
3.5001E+11,92.02806267,108.2099385,93.63173302,5.846154,3.153846,396.3414634,1370.806553,642.830418,1.529051988
3.5001E+11,100.1685516,96.88817859,87.07799388,1.5,3,60.06006006,1233.688808,478.5414053,3.317535545
3.5001E+11,80.43974821,108.8678369,44.74850588,5.708333,2.791667,720.7207207,2049.164027,683.3885139,4.081632653
3.5001E+11,92.68576116,112.4598712,78.29706998,6.064516,3.129032,720.9302326,1922.622331,979.317483,6.693440428
3.5001E+11,84.08136767,94.35008894,88.06910937,6.647059,2.882353,1287.878788,1097.950281,465.7052391,27.88844622
3.5001E+11,112.3871568,81.48945617,120.3011974,4.952381,2.714286,177.0657673,1563.044376,356.8913809,0
3.5001E+11,107.3835127,97.73488785,105.934404,0,0,0,329.797551,583.2613237,0
3.5001E+11,78.31480311,114.2370341,83.63868567,5.083333,2.708333,952.3809524,775.225019,418.6095714,38.82195448
3.5001E+11,77.93615416,141.5040201,83.70126638,7.652174,3.347826,382.0598007,1115.771147,631.0189976,1.328903654
3.5001E+11,69.70437616,172.4882164,23.91839438,4.452381,3.238095,1453.287197,474.316023,570.7411959,52.67629567
3.5001E+11,76.55804565,151.3633562,71.92484692,6.129032,3.16129,1751.412429,472.091524,638.9149285,43.03086997
3.5001E+11,88.10902117,143.7215245,106.5719388,2.666667,3,983.6065574,494.705728,384.4286527,43.39963834
3.5001E+11,136.454856,82.45660952,119.5996776,7,2,500,339.675758,383.8942318,3.076923077
3.5001E+11,105.2227005,72.52110879,115.9509417,6.6,2.8,862.0689655,776.45246,428.8620554,2.732240437
3.5001E+11,93.46371338,91.18363472,86.59306145,6.375,3.125,170.9401709,1569.212044,603.6666778,1.4781966
3.5001E+11,82.32977309,107.3600782,47.94691357,6.357143,2.714286,398.8603989,1789.58514,942.737284,3.465003465
3.5001E+11,101.784753,82.06517527,101.4943228,7.318182,3.045455,424.7104247,4263.844303,598.6370955,0.788643533
3.5001E+11,98.72944926,109.9186487,103.3911014,4.52,3.16,490.1960784,5085.216195,624.1562698,0
3.5001E+11,86.69854075,77.59625509,88.69209378,4.857143,2.571429,1000,2367.662569,374.5631258,7.923930269
3.5001E+11,110.8350122,78.67282536,113.2126654,4.5,3.5,264.9006623,1384.513503,647.8988897,0
3.5001E+11,100.8961431,94.18907225,91.02872083,6.714286,2.428571,245.1838879,2461.564175,570.121623,4.083716182
3.5001E+11,122.0802694,80.60299008,118.4277091,0,0,0,0,1108.147785,6.188118812
3.5001E+11,106.3764967,103.8204538,111.3962115,4.794118,2.529412,906.6666667,1796.616752,517.7674228,12.66551526
3.5001E+11,85.98758203,132.6997593,96.83481243,5.166667,2.888889,642.8571429,2064.383416,517.9264093,34.65703971
3.5001E+11,120.0916023,80.27885096,114.3159784,5.933333,3.4,333.3333333,1722.603081,518.6021013,5.309734513
3.5001E+11,109.466304,87.76999897,120.1139101,7,2.666667,169.4915254,3234.938641,704.9102309,0.768049155
3.5001E+11,120.6475559,82.22886194,119.8539788,6.25,2.5,239.5209581,2915.844236,549.3455872,6.306306306
3.5001E+11,115.3812657,80.22966626,119.6605158,6.5,2.928571,4117.647059,1794.708376,615.121457,4.301075269
3.5001E+11,106.60354,90.26542316,89.20068591,0,0,0,895.425931,575.8535019,1.044932079
3.5001E+11,143.8023987,74.97423445,119.0629364,1,4,270.2702703,761.536096,854.6644904,0
3.5001E+11,127.2882469,81.27711111,118.4758344,0,0,0,1117.811144,800.8956316,0
3.5001E+11,122.7561219,85.27071251,122.061284,10,2,70.92198582,751.737958,692.4259646,3.32594235
3.5001E+11,93.79318539,95.48008873,117.8504936,3,3,2777.777778,1005.453139,498.1693266,16.22718053
3.5001E+11,118.8195791,111.096806,114.8958633,11.666667,3.666667,150,823.466357,526.4243117,4.385964912
3.5001E+11,91.3616095,118.728196,88.37270865,5.292683,3.243902,868.6440678,732.255722,611.2579856,22.54226675
3.5001E+11,91.09036081,123.1545357,100.0506448,5.772727,2.727273,282.4133504,812.037389,549.9545804,15.67055394
3.5001E+11,79.37689251,111.764467,79.05139218,7.785714,2.642857,645.1612903,394.954431,487.0075796,8.303677343
3.5001E+11,83.9598398,103.5772929,32.24436032,7,3,615.3846154,982.564489,795.0677391,4.491017964
3.5001E+11,79.8166964,115.5775012,73.49731368,3.5,2,212.7659574,483.862906,595.8775108,9.463722397
3.5001E+11,105.6543969,90.03226981,116.9289773,7.263158,2.789474,1366.906475,3181.768978,403.8261491,3.685503686
3.5001E+11,87.83615415,104.9728439,81.88193241,4.909091,2.681818,544.5544554,867.202904,602.4686731,3.904071389
3.5001E+11,85.77221868,98.62179267,74.34769524,6.652174,2.76087,445.3049371,1570.725474,654.5039826,3.39673913
3.5001E+11,92.70574566,126.2788277,81.82865179,6.608696,2.913043,1949.152542,773.519507,602.7080866,16.28222524
3.5001E+11,86.14846864,124.6470107,88.48645233,9.6,2.4,427.3504274,764.039136,211.7607981,22.86902287
3.5001E+11,81.38383978,159.078187,95.74157607,6.4,2.5,746.2686567,612.84559,674.8557929,20.43010753
3.5001E+11,100.3900051,147.141332,111.8535708,3.4,2.3,1369.863014,1234.411871,470.3937447,27.26543705
3.5001E+11,138.7175343,73.12078861,113.4453026,15,4,84.74576271,1121.667529,525.8940472,0
3.5001E+11,123.3790023,99.98695921,121.2605205,10,2.666667,461.5384615,1209.513043,369.4204356,0
3.5001E+11,104.149418,110.1802251,118.1357488,5.333333,2.166667,1621.621622,1472.061622,662.2125795,16.85393258
3.5001E+11,80.26028225,181.3777874,102.4004185,3.75,2.125,4210.526316,1018.626476,508.756266,26.31578947
3.5001E+11,144.365775,88.52576812,122.061284,0,0,0,1346.199609,524.4551462,0
3.5001E+11,130.4962589,97.43257336,116.2085662,4,3,250,1090.286125,669.1891143,1.776198934
3.5001E+11,91.97092326,123.925223,103.5664249,5.727273,2.636364,1506.849315,611.499018,568.89335,36.07666291
3.5001E+11,85.408703,135.7935976,98.22641062,5.428571,2.542857,888.3248731,616.245499,508.7560241,12.09677419
3.5001E+11,95.38457907,141.7785203,104.8696509,7.909091,2.545455,932.2033898,578.842148,539.7546316,33.67003367
3.5001E+11,106.7915237,125.0870188,108.1552007,7.777778,3,1384.615385,852.639155,431.552682,17.9007323
3.5001E+11,97.56352836,125.3066002,86.46862385,4.9,2.3,1694.915254,793.810862,535.6542495,36.46833013
3.5001E+11,90.77164657,99.9294134,75.88300282,6.175,2.85,354.6099291,1111.108812,476.3050677,0.569151964
3.5001E+11,119.8373956,87.11732775,118.7894775,7.772727,2.954545,714.2857143,6021.50288,781.8494855,9.262216544
3.5001E+11,105.6396959,88.196427,113.8289651,5.6,2.733333,266.6666667,6129.355406,579.8901073,3.475670308
3.5001E+11,97.69619637,89.10082388,88.64088569,3.444444,2.777778,200.8928571,6127.202042,748.6945262,1.504890895
3.5001E+11,107.1075768,84.26037502,116.6714288,7.1,3.5,235.2941176,1293.23237,692.6533038,5.094243505
3.5001E+11,135.1974023,87.00313717,117.4084355,0,0,0,0,656.9953989,0
3.5001E+11,80.25151966,120.0842749,87.33366286,6.652174,2.826087,542.4528302,1056.407901,520.395442,7.224563516
3.5001E+11,91.62708115,94.25781735,100.5379102,6.313725,2.960784,411.2903226,648.634651,538.5164108,5.909797823
3.5001E+11,92.78546794,110.8536757,98.35174741,7.583333,3.041667,661.1570248,1083.333194,581.8358595,2.369668246
3.5001E+11,103.2309149,103.7922516,105.6900876,5.37037,2.925926,868.1672026,1374.144658,521.6545007,5.144694534
3.5001E+11,93.06019574,95.9841019,106.0490114,4.944444,2.5,258.2496413,763.772444,505.6051744,2.168256722
3.5001E+11,83.08805354,111.638979,98.29746933,5.837838,2.513514,1262.798635,917.1994,547.3759062,6.102877071
3.5001E+11,77.98613186,121.9192433,57.10868895,4.631579,3.315789,469.1358025,772.518816,557.117981,5.50747443
3.5001E+11,132.9145143,80.35063614,122.061284,7,2,22.52252252,4598.675246,489.3731433,0.77579519
3.5001E+11,130.1458456,70.48177131,118.4098313,5,3,105.0788091,4091.340973,635.8287531,1.413094677
3.5001E+11,123.5911897,69.70735221,119.5658022,3.8,2,282.4858757,5735.094996,589.9749729,0.794281176
3.5001E+11,117.3528217,78.76193742,117.7274993,9.090909,2.545455,272.2772277,5694.06047,728.3870688,0
3.5001E+11,107.7419015,91.54402377,117.8656373,6.615385,2.692308,241.187384,2121.774679,578.3256299,0
3.5001E+11,107.3674664,87.45692955,119.0637135,3.4,2.8,119.047619,1546.698332,268.5366688,1.601281025
3.5001E+11,86.79138027,116.7576293,68.32659094,6.564103,2.974359,1392.857143,715.577785,488.3448111,7.836990596
3.5001E+11,88.06593585,114.9650695,113.5579246,8.6,2.4,787.4015748,1022.432919,644.4094126,10.20408163
3.5001E+11,101.1298537,108.7691244,110.7449991,1.666667,2.666667,521.7391304,1176.078778,612.8088807,3.913894325
3.5001E+11,89.16861954,139.2561846,62.95148151,3.25,3.375,898.8764045,534.876361,622.9593719,16.60516605
3.5001E+11,96.50492724,87.45222812,105.2533015,4.333333,2,161.2903226,727.8303,653.9986252,6.75024108
3.5001E+11,108.5177243,106.7362861,121.3776607,5.285714,2.571429,3181.818182,978.535624,590.2243844,20.25316456
3.5001E+11,113.002746,101.5133099,119.5348097,10,3,112.3595506,932.486895,537.086957,6.944444444
3.5001E+11,103.2603548,92.39717537,115.9447782,7.615385,3.153846,695.1871658,879.82118,652.8356817,4.450095359
3.5001E+11,80.47454319,135.2802502,76.37423174,6.47619,2.571429,666.6666667,896.260063,434.1019731,6.661115737
3.5001E+11,97.14617805,88.88377846,93.38384571,1.5,2.3,328.9473684,1090.436223,896.7332816,3.305785124
3.5001E+11,78.85484234,104.6973144,56.08270606,4.833333,2.666667,163.4877384,9096.49068,454.5598839,38.48466627
3.5001E+11,92.26543912,96.10369231,85.49856838,8.125,2.583333,564.7058824,4469.135171,534.2720579,0.540248514
3.5001E+11,119.1477316,73.50533622,117.3419657,6.625,2.25,150.3759398,16767.00353,692.8548159,1.231527094
3.5001E+11,111.0661978,77.1396091,112.7237843,5.2,3,257.7319588,4321.261394,612.7421475,2.202643172
3.5001E+11,96.75325846,130.7552766,111.656514,6,3,352.1126761,1318.086741,474.1225074,6.220839813
3.5001E+11,89.78462285,84.3044897,78.04517396,9.777778,2.833333,526.3157895,583.42091,581.7406548,2.394253791
3.5001E+11,110.8615551,86.26250834,119.0310594,6.9,2.8,2777.777778,4895.930901,517.3404619,8.281573499
3.5001E+11,100.644347,90.71785149,114.3729806,8.4,2.35,529.1005291,2333.080438,806.1049404,1.066666667
3.5001E+11,111.3931938,86.38764596,109.8154332,9.125,2.375,503.1446541,1399.930215,656.2478252,3.944773176
3.5001E+11,107.5397817,76.43926495,114.0183552,9.5,3,342.8571429,4424.711222,467.2351927,0.479386385
3.5001E+11,114.8323586,70.22985899,116.3830721,10.5,2.5,54.49591281,2746.127333,434.9804887,0
3.5001E+11,142.4813097,72.19822709,122.061284,0,3,52.63157895,5546.21041,656.300557,0
3.5001E+11,105.5587012,103.2432791,116.9054744,5.2,2.3,243.902439,1685.453113,489.8919815,6.090133983
3.5001E+11,135.1052646,76.34500969,111.0479198,7.333333,3.666667,147.0588235,1112.708604,529.6298117,4.169562196
3.5001E+11,98.37918311,103.1665113,111.8789356,8.108108,2.594595,1567.79661,1094.531998,490.3412652,6.18556701
3.5001E+11,88.17624231,134.102484,96.34996457,6.857143,2.714286,899.7429306,975.484048,325.1363612,14.23785595
3.5001E+11,90.54126225,98.86527408,108.3348247,7,3.333333,106.0070671,1214.434072,508.2358282,0
3.5001E+11,133.6635582,89.19501664,117.3014187,4.5,2.5,120.8459215,2060.739028,580.3659986,0.430848772
3.5001E+11,106.3672019,95.62785235,102.568741,5.583333,2.5,616.966581,1286.640963,610.6234078,6.094182825
3.5001E+11,133.8955072,76.89343334,116.7722982,5,3,43.29004329,930.402601,480.3103281,1.782531194
3.5001E+11,143.0183215,115.1667588,122.061284,10.666667,2.666667,384.6153846,1880.101162,493.3637262,2.898550725
3.5001E+11,138.0868122,86.19034971,117.7145841,5,3,51.02040816,2435.885679,817.8956176,0
3.5001E+11,122.958392,81.1995963,115.1043552,5.4,3.2,55.92841163,5809.68603,552.99135,1.050420168
3.5001E+11,92.69864504,102.7375177,107.3089241,6.92,2.52,479.8464491,4990.30655,359.0187726,28.39756592
3.5001E+11,104.1377522,98.92789918,117.1569659,4.058824,2.411765,246.7343977,4923.740163,491.1926268,21.14427861
3.5001E+11,80.07727182,142.9161201,94.33490015,5.652174,3,1513.157895,492.309991,563.0578997,75.87433314
3.5001E+11,109.8359539,78.99147538,118.749083,7.5,3.5,120.4819277,3847.485542,467.5321629,0
3.5001E+11,93.67957365,100.8588093,110.9653992,6,3.6,267.3796791,981.7106,472.2191999,3.603603604
3.5001E+11,105.950528,94.28959257,104.3226157,7.285714,3.571429,526.3157895,6401.172128,778.5302574,3.683241252
3.5001E+11,110.5905717,98.74189483,113.9835914,4.793103,3.103448,20714.28571,480.653196,513.4526254,4.87804878
3.5001E+11,105.7455323,102.600027,111.3630712,6.857143,3.428571,242.2145329,1697.61915,406.8340692,1.703577513
3.5001E+11,83.00612893,150.9658004,89.55849171,5.148936,2.574468,898.6615679,1200.383025,491.2739691,27.18832891
3.5001E+11,72.85255958,167.3803806,72.86324355,5.448276,3.206897,4264.705882,256.324413,276.3707482,107.8838174
3.5001E+11,81.09842372,131.6396187,75.1496419,5.892857,2.714286,627.8026906,380.304141,355.1884102,57.99256506
3.5001E+11,168.3395335,73.10962769,117.4719132,4.5,2.5,80.97165992,4880.806326,726.2869676,0
3.5001E+11,101.6825893,76.40353153,114.581547,5.333333,2.333333,365.8536585,4824.274801,596.1010026,0
3.5001E+11,132.0429793,85.95788136,122.061284,5,4,238.0952381,1176.041561,552.3369956,1.152073733
3.5001E+11,86.9532415,111.6660771,114.2663779,6.513514,2.675676,986.6666667,1853.475478,606.8154948,36.43724696
3.5001E+11,106.5602164,84.33954347,116.393867,11.6875,3.875,1758.241758,969.979624,605.1298652,9.36329588
3.5001E+11,97.13137984,112.9256173,100.2557226,5.214286,3.214286,651.1627907,1273.596531,590.9126934,10.9223301
3.5001E+11,97.49713717,98.84715657,105.4003887,7,2.75,796.812749,892.140824,552.99855,1.713796058
3.5001E+11,84.66574372,122.9599495,96.03192273,4.5,2.125,197.5308642,857.827475,504.5001556,8.771929825
3.5001E+11,90.1785041,103.4388388,92.75791465,5.333333,2.904762,295.3586498,848.032113,701.9151414,8.095440988
3.5001E+11,98.28760321,93.33557485,110.2636695,5.6,2.95,613.4969325,1130.362411,639.6379472,4.830917874
3.5001E+11,72.06768805,132.5941034,73.73811226,6.071429,2.892857,934.8914858,1714.159295,753.8407137,36.69724771
3.5001E+11,70.32159041,138.5359441,75.61213238,4.571429,3.428571,2500,1110.115419,707.7792566,0
3.5001E+11,103.6628954,102.495012,107.1031964,5.478261,3.086957,680.4733728,2119.909193,624.8065021,9.702457956
3.5001E+11,104.3527135,86.93800008,109.7554514,4.526316,2.631579,753.968254,2499.542134,536.0148874,2.087682672
3.5001E+11,82.16719672,103.8523745,94.39490354,6.483871,3.419355,662.3931624,1625.251271,557.8790194,8.989726027
3.5001E+11,83.93091184,157.7258015,78.32715467,6.451613,2.645161,627.5303644,309.104935,328.63632,42.15976331
3.5001E+11,84.66897891,96.7477403,94.37155551,6.961538,3.230769,1313.131313,787.484056,534.6468016,3.273322422
3.5001E+11,152.7740011,69.74051822,122.061284,0,0,0,4702.835238,762.4815972,0
3.5001E+11,153.9312873,71.17105438,119.5604914,12,1,24.75247525,5941.610657,592.9147698,0
3.5001E+11,95.45872539,136.7928356,107.0849458,4.617021,2.893617,10217.3913,1086.827175,690.2371456,102.0408163
3.5001E+11,96.35927205,116.7447555,114.7455388,5.769231,2.916667,1130.434783,1196.632802,802.3935473,37.30738037
3.5001E+11,95.72963838,92.98241407,99.44598094,7.307692,3,955.8823529,13768.50135,633.3282292,17.9584121
3.5001E+11,95.04159981,82.57174478,122.061284,7.071429,2.357143,424.2424242,1036.082608,502.7424752,3.267973856
3.5001E+11,105.5794911,98.40008062,114.9964911,0,3,42.55319149,5970.78518,538.5489365,0
3.5001E+11,79.13265477,141.2048526,75.12222502,5.666667,3.162791,1315.789474,883.025979,942.9804501,35.71428571
3.5001E+11,126.8890218,73.64910278,113.4038909,11,2.666667,50.33557047,15736.24818,588.4191699,0.660501982
3.5001E+11,127.9419761,86.18004509,115.5051127,4.8,3.6,153.8461538,6042.587149,748.2532036,0
3.5001E+11,112.6431506,96.1724873,114.6599571,4.689655,2.793103,1883.116883,1678.13683,621.0322038,12.75510204
3.5001E+11,124.9850073,76.08958801,114.2458784,3.5,1.5,476.1904762,21964.94139,693.7594279,2.392344498
3.5001E+11,114.5162657,90.27735065,107.5984442,6.777778,3,687.0229008,4058.298921,716.3293201,3.667481663
3.5001E+11,105.2860791,93.6124169,119.7652766,4.2,3.2,2272.727273,1283.102787,312.746633,11.00412655
3.5001E+11,98.70543918,89.92014176,117.185303,7.055556,2.444444,399.113082,2486.711668,796.7981038,10.23308698
3.5001E+11,118.0524907,83.7135461,119.3088423,8.6,2.266667,479.2332268,17785.06368,627.6587532,0
3.5001E+11,111.9452747,94.14828799,94.2364984,5.071429,2.785714,1296.296296,2495.227984,801.8525438,0
3.5001E+11,180.9387912,66.92831411,122.061284,2,4,46.08294931,2037.947928,710.4813202,1.251564456
3.5001E+11,168.6598691,73.84273163,120.7127222,17,2,23.69668246,1657.164817,705.4919408,0.611246944
3.5001E+11,115.3577762,79.25916067,122.061284,8.692308,2.615385,738.6363636,707.896664,498.924891,2.928257687
3.5001E+11,103.841352,98.78772503,97.23299401,7.619048,2.809524,440.2515723,1441.417499,549.8866959,3.745318352
3.5001E+11,82.02334093,126.436727,79.88507824,5.380282,2.732394,993.006993,855.25332,425.3140175,18.95943563
3.5001E+11,88.51490794,110.659619,82.60761292,8.375,2.8125,480.4804805,1575.294604,828.6972715,2.789400279
3.5001E+11,107.4222264,78.92421129,116.5357425,5.333333,2.666667,115.3846154,2325.745136,1011.885129,1.067235859
3.5001E+11,103.9938332,74.17073218,119.1224274,4,2.25,179.3721973,5183.7184,439.1749961,5.928853755
3.5001E+11,109.1115125,85.5197613,117.6222848,5.571429,3.285714,1308.411215,1300.095609,724.452968,5.46946217
3.5001E+11,87.98690798,115.5551004,108.7948019,6.666667,2.666667,622.1198157,1960.026473,372.7118963,16.77489177
3.5001E+11,150.14599,69.1665828,121.3679943,12,3,36.36363636,14572.04617,796.6370154,0.732064422
3.5001E+11,98.48757664,111.469859,102.1048687,5,2.4,914.6341463,1090.520296,430.1858791,20.25072324
3.5001E+11,109.6648297,86.63408421,116.88568,8,2,159.7444089,1701.736259,662.6771561,0.756429652
3.5001E+11,119.4132498,82.04010037,115.6703943,7.909091,2,298.102981,4594.885044,617.9978108,0.566251416
3.5001E+11,96.94357278,82.11868943,109.667049,5.789474,3.105263,994.7643979,1911.313944,549.9539664,1.066098081
3.5001E+11,103.0953661,81.7950688,106.3971531,9.375,2.6,400,25429.01161,580.6384295,0.461893764
3.5001E+11,75.20718762,124.9745515,98.88395939,3.571429,3.071429,663.507109,1106.037292,831.4996095,27.71362587
3.5001E+11,159.1530737,72.15499224,121.4738552,7.5,2,229.8850575,13953.95139,733.6235802,1.189060642
3.5001E+11,105.9906717,141.6468517,119.6426751,0,2.5,210.5263158,1393.943852,569.8275092,11.51832461
3.5001E+11,79.80833564,153.3102391,92.80404082,4.820513,2.74359,2736.842105,3593.521983,461.5571392,112.6033058
3.5001E+11,88.55427381,141.3346944,91.42132866,6.051948,2.831169,3262.711864,2978.882195,392.5287203,90.25270758
3.5001E+11,124.5141023,74.30303101,120.5008146,7.076923,3.153846,537.1900826,21226.62668,514.970467,0
3.5001E+11,119.0364073,86.69086542,114.52433,7.666667,2.5,209.0592334,756.416843,918.1020659,20.42553191
3.5001E+11,113.4727595,103.9393092,115.3919215,7.857143,2.714286,549.0196078,1408.68134,646.317967,1.255492781
3.5001E+11,91.7340337,85.59746354,103.1844436,8.285714,3.285714,813.9534884,699.633497,377.612336,1.945525292
3.5001E+11,80.10698079,105.437096,49.11212736,6.780488,2.833333,775.047259,1038.488048,614.1283021,0.956022945
3.5001E+11,100.3736949,93.41343647,116.299745,7,2.666667,365.8536585,1079.136369,690.0894037,6.896551724
3.5001E+11,99.77322497,84.50256193,122.061284,6.409091,2.909091,2018.348624,1059.521127,450.8159465,13.62088536
3.5001E+11,66.57162709,160.1783203,106.6479063,5.5,3.083333,1818.181818,1170.510899,549.2579056,88.05970149
3.5001E+11,79.59287398,123.300473,111.8179737,10,3,68.96551724,1198.307334,620.6704879,29.91944764
3.5001E+11,105.1476064,108.4306363,114.1125316,5.357143,2.785714,915.0326797,1197.438276,690.3283053,11.994003
3.5001E+11,103.646918,89.02829771,112.2669553,5.5,3.75,106.6666667,771.62249,367.5897743,0.742942051
3.5001E+11,101.1276391,87.79580859,97.50158236,12.2,4,344.8275862,967.72666,353.138644,0
3.5001E+11,93.0930821,99.04108118,111.7912526,5.375,2.75,1739.130435,1392.543417,613.8137548,14.61988304
3.5001E+11,104.4297846,91.84406098,112.4182913,8.3,2.6,462.962963,1183.378399,424.9567815,5.922165821
3.5001E+11,128.8422733,88.03953363,122.061284,2.75,3.25,220.9944751,1126.156232,883.9751957,3.685503686
3.5001E+11,120.5136181,73.94414605,122.061284,7.304348,2.565217,460,1840.438435,639.8305793,1.093693037
3.5001E+11,131.722704,87.74867708,120.2386277,4.294118,3.235294,562.9139073,2325.236542,541.1097785,5.534034311
3.5001E+11,100.2617954,100.7333035,101.5104772,6.9,2.65,401.6064257,1915.198282,507.2293796,4.897159647
3.5001E+11,91.16117468,109.9777623,105.3076098,6.322581,2.83871,633.9468303,2288.832494,622.3663051,24.43910256
3.5001E+11,102.3892865,94.30109892,118.8585577,6.333333,3.241379,271.9854941,1429.639724,383.6066156,9.110901665
3.5001E+11,102.6483075,82.06675832,113.107247,8.111111,2.777778,101.010101,2934.509249,573.2394103,2.6272578
3.5001E+11,115.0929408,85.01353305,114.9860718,8,3,50.76142132,1126.263238,533.4363536,1.630434783
3.5001E+11,86.65084694,153.8642282,58.8810743,5.2,2.925,2083.333333,923.95052,638.284168,42.88702929
3.5001E+11,152.1192125,67.06483764,110.265873,12,2.5,131.5789474,5634.456746,649.5412273,1.193317422
3.5001E+11,124.7247416,73.40359314,120.7351369,6.777778,2.444444,426.5402844,16614.17553,624.6397685,1.666666667
3.5001E+11,108.029057,79.37105467,116.5677609,0,0,0,1982.973948,360.7853306,0
